Id,pair1,pair2
0,155,140
1,68,120
2,100,136
3,118,116
4,145,124
5,54,144
6,51,140
7,153,152
8,92,46
9,124,120
10,91,113
11,122,45
12,140,151
13,100,78
14,68,106
15,56,78
16,123,78
17,124,159
18,140,78
19,147,83
20,142,106
21,68,45
22,58,78
23,85,136
24,40,116
25,50,113
26,58,143
27,48,136
28,74,118
29,51,159
30,58,67
31,126,145
32,83,80
33,141,72
34,135,124
35,145,67
36,141,120
37,124,151
38,116,99
39,85,78
40,126,156
41,54,99
42,91,82
43,50,100
44,144,113
45,57,95
46,97,151
47,116,80
48,155,94
49,125,42
50,92,98
51,146,156
52,93,120
53,100,83
54,40,45
55,51,153
56,125,118
57,123,151
58,68,98
59,125,97
60,92,78
61,122,54
62,51,74
63,106,99
64,141,58
65,40,144
66,106,116
67,106,136
68,146,99
69,135,106
70,97,113
71,142,146
72,135,92
73,141,46
74,147,106
75,124,106
76,155,126
77,92,113
78,151,71
79,56,85
80,98,76
81,57,153
82,74,116
83,68,83
84,126,82
85,156,82
86,113,140
87,120,159
88,45,72
89,155,83
90,85,46
91,94,134
92,142,108
93,142,125
94,91,143
95,42,82
96,100,56
97,136,67
98,122,58
99,120,118
100,146,122
101,76,72
102,108,80
103,135,67
104,141,99
105,141,122
106,144,152
107,141,113
108,135,42
109,91,118
110,45,134
111,93,151
112,94,78
113,72,99
114,100,156
115,85,67
116,78,80
117,51,143
118,100,147
119,97,71
120,100,151
121,68,151
122,54,48
123,40,156
124,51,85
125,93,98
126,45,120
127,125,135
128,152,46
129,120,94
130,91,46
131,83,159
132,54,94
133,140,80
134,51,67
135,142,122
136,85,151
137,50,135
138,126,91
139,42,78
140,126,58
141,108,54
142,108,145
143,40,99
144,40,118
145,125,95
146,100,93
147,118,80
148,156,93
149,100,95
150,92,67
151,40,46
152,97,57
153,54,120
154,147,67
155,50,140
156,156,122
157,146,54
158,136,58
159,83,124
160,122,80
161,92,48
162,50,51
163,95,78
164,125,99
165,125,67
166,108,72
167,159,151
168,141,54
169,45,71
170,40,106
171,146,97
172,95,143
173,57,92
174,123,42
175,135,159
176,136,80
177,95,85
178,118,72
179,72,152
180,155,57
181,100,124
182,106,151
183,50,136
184,108,100
185,146,116
186,142,72
187,153,113
188,56,42
189,68,57
190,42,48
191,141,145
192,134,71
193,106,118
194,57,98
195,141,95
196,83,156
197,113,151
198,144,46
199,45,98
200,51,58
201,45,48
202,123,136
203,136,94
204,134,76
205,141,135
206,126,78
207,125,123
208,136,71
209,113,116
210,147,80
211,98,80
212,83,45
213,91,136
214,155,134
215,106,82
216,56,134
217,95,67
218,122,92
219,68,141
220,147,123
221,134,143
222,97,67
223,50,85
224,156,58
225,135,134
226,146,56
227,95,144
228,146,98
229,51,156
230,151,99
231,125,106
232,78,152
233,125,159
234,40,56
235,95,134
236,51,118
237,145,118
238,54,136
239,91,67
240,108,153
241,126,153
242,91,124
243,144,151
244,42,94
245,50,121
246,155,136
247,51,106
248,146,72
249,74,48
250,56,54
251,97,48
252,57,144
253,57,140
254,123,94
255,82,134
256,153,98
257,141,45
258,48,82
259,57,42
260,125,126
261,83,144
262,159,71
263,56,92
264,54,143
265,155,74
266,155,144
267,118,152
268,142,145
269,100,82
270,146,159
271,74,106
272,147,82
273,57,76
274,78,99
275,156,56
276,91,156
277,135,85
278,56,95
279,93,140
280,50,83
281,142,85
282,123,85
283,42,80
284,122,67
285,50,123
286,126,113
287,97,98
288,126,45
289,126,124
290,108,68
291,91,121
292,93,143
293,51,135
294,51,99
295,106,143
296,108,135
297,83,95
298,98,113
299,146,85
300,85,116
301,120,143
302,121,98
303,141,118
304,155,152
305,141,42
306,51,40
307,100,42
308,155,118
309,124,140
310,123,98
311,135,74
312,74,122
313,147,145
314,108,99
315,141,144
316,54,106
317,142,124
318,116,152
319,124,46
320,83,145
321,51,151
322,68,94
323,124,134
324,51,152
325,83,118
326,124,94
327,159,58
328,135,97
329,120,46
330,141,56
331,51,116
332,123,116
333,42,134
334,95,120
335,74,145
336,141,48
337,85,45
338,124,82
339,126,136
340,145,140
341,156,136
342,126,57
343,125,124
344,142,143
345,116,151
346,56,45
347,146,123
348,57,106
349,51,54
350,95,46
351,48,113
352,82,67
353,42,106
354,51,98
355,155,124
356,142,116
357,136,118
358,155,67
359,83,140
360,68,159
361,42,118
362,153,67
363,74,78
364,156,113
365,159,94
366,126,56
367,146,76
368,153,48
369,125,57
370,40,82
371,122,140
372,100,123
373,91,145
374,51,78
375,82,143
376,153,45
377,146,95
378,100,106
379,123,82
380,159,113
381,54,140
382,145,71
383,156,92
384,91,80
385,100,143
386,97,120
387,108,85
388,82,113
389,122,42
390,125,156
391,123,144
392,159,118
393,56,152
394,140,152
395,74,42
396,92,99
397,68,42
398,108,146
399,142,118
400,50,72
401,155,80
402,85,54
403,74,136
404,113,136
405,99,67
406,140,99
407,40,91
408,134,116
409,156,54
410,57,93
411,125,40
412,51,113
413,95,58
414,126,147
415,93,42
416,46,143
417,54,42
418,141,143
419,48,58
420,122,78
421,142,159
422,42,67
423,156,106
424,147,42
425,118,58
426,45,144
427,54,58
428,142,93
429,42,144
430,83,122
431,126,48
432,92,76
433,134,67
434,42,72
435,74,144
436,58,151
437,51,72
438,147,54
439,145,152
440,125,146
441,48,134
442,135,83
443,156,124
444,123,120
445,123,46
446,153,122
447,83,136
448,145,48
449,155,108
450,50,151
451,118,71
452,51,136
453,126,80
454,94,71
455,45,58
456,147,143
457,51,100
458,120,134
459,95,48
460,85,58
461,116,78
462,113,58
463,92,116
464,95,71
465,40,159
466,125,76
467,153,56
468,76,152
469,56,80
470,51,45
471,120,144
472,121,85
473,108,134
474,122,98
475,95,92
476,156,85
477,146,58
478,147,71
479,146,113
480,83,54
481,118,143
482,95,152
483,156,145
484,82,152
485,151,143
486,141,82
487,83,106
488,142,71
489,147,116
490,97,122
491,100,67
492,68,74
493,57,122
494,80,71
495,124,116
496,93,54
497,83,58
498,54,134
499,42,136
500,135,147
501,125,54
502,123,72
503,136,152
504,98,82
505,91,92
506,68,95
507,68,54
508,125,136
509,108,116
510,50,95
511,85,48
512,51,46
513,57,136
514,142,144
515,141,156
516,40,83
517,121,136
518,106,134
519,156,78
520,153,159
521,68,136
522,54,67
523,147,122
524,50,48
525,58,72
526,120,116
527,74,159
528,83,123
529,106,78
530,68,113
531,50,142
532,98,46
533,100,135
534,122,120
535,100,91
536,83,85
537,83,98
538,156,72
539,123,122
540,123,56
541,50,116
542,134,58
543,142,156
544,151,72
545,98,99
546,155,68
547,50,134
548,74,97
549,136,72
550,93,76
551,50,82
552,100,72
553,94,140
554,92,152
555,97,82
556,67,71
557,76,78
558,156,140
559,91,72
560,116,72
561,146,135
562,145,58
563,146,57
564,113,46
565,51,147
566,145,78
567,54,98
568,68,76
569,136,116
570,80,143
571,159,82
572,56,159
573,106,144
574,97,42
575,54,71
576,144,94
577,74,94
578,74,71
579,118,78
580,94,151
581,95,82
582,40,134
583,68,122
584,135,78
585,99,71
586,141,57
587,142,83
588,155,93
589,113,67
590,51,144
591,42,46
592,50,74
593,123,159
594,58,99
595,82,116
596,50,159
597,56,99
598,135,151
599,121,58
600,51,71
601,93,124
602,83,78
603,135,54
604,54,118
605,141,126
606,141,159
607,91,56
608,48,72
609,100,54
610,155,143
611,125,152
612,91,97
613,50,120
614,50,147
615,126,76
616,100,120
617,100,71
618,76,143
619,146,153
620,151,78
621,56,82
622,106,113
623,45,94
624,50,58
625,108,122
626,126,143
627,108,144
628,141,93
629,122,152
630,142,151
631,91,123
632,141,76
633,98,134
634,98,118
635,121,143
636,126,98
637,83,116
638,125,56
639,106,48
640,151,80
641,91,95
642,145,82
643,118,46
644,51,123
645,144,78
646,85,82
647,50,126
648,144,67
649,97,85
650,125,91
651,121,159
652,140,67
653,135,45
654,92,151
655,121,93
656,146,124
657,108,97
658,126,120
659,135,56
660,50,108
661,78,67
662,126,93
663,56,48
664,120,152
665,83,99
666,155,159
667,123,143
668,142,98
669,124,95
670,72,67
671,120,48
672,155,99
673,124,45
674,56,151
675,98,144
676,153,156
677,92,82
678,85,152
679,146,42
680,42,151
681,57,143
682,155,120
683,135,57
684,50,125
685,141,74
686,126,97
687,152,143
688,85,80
689,68,152
690,40,126
691,40,151
692,121,99
693,91,120
694,68,118
695,40,74
696,76,80
697,159,140
698,48,99
699,50,78
700,108,147
701,146,71
702,93,106
703,151,46
704,93,145
705,126,72
706,155,153
707,83,151
708,126,83
709,93,92
710,57,82
711,126,118
712,83,71
713,76,58
714,74,58
715,93,152
716,156,48
717,147,134
718,145,144
719,153,94
720,45,67
721,48,71
722,97,118
723,45,143
724,108,56
725,124,76
726,142,155
727,125,82
728,126,85
729,97,121
730,126,140
731,121,92
732,91,57
733,45,82
734,144,82
735,95,98
736,146,143
737,118,151
738,45,152
739,147,92
740,108,136
741,48,67
742,155,76
743,100,46
744,93,72
745,68,121
746,124,54
747,153,54
748,91,151
749,152,67
750,122,116
751,125,155
752,155,46
753,125,46
754,153,85
755,145,99
756,74,72
757,116,46
758,40,72
759,124,118
760,155,92
761,142,76
762,126,159
763,113,80
764,94,58
765,146,144
766,74,46
767,135,116
768,56,113
769,85,118
770,121,94
771,145,122
772,57,48
773,68,82
774,123,58
775,159,67
776,108,83
777,147,72
778,135,123
779,126,46
780,78,46
781,74,82
782,156,99
783,126,74
784,153,134
785,100,98
786,42,71
787,68,135
788,50,106
789,93,116
790,146,134
791,93,67
792,123,92
793,74,92
794,140,76
795,92,140
796,156,95
797,106,80
798,136,143
799,97,123
800,155,151
801,45,159
802,122,159
803,122,48
804,122,118
805,106,71
806,144,76
807,68,48
808,68,80
809,123,113
810,100,92
811,56,140
812,91,122
813,125,72
814,50,93
815,91,78
816,91,134
817,100,85
818,113,72
819,156,152
820,68,124
821,97,93
822,54,152
823,123,106
824,93,144
825,57,54
826,125,147
827,56,144
828,45,116
829,78,143
830,95,118
831,145,136
832,54,46
833,40,140
834,126,135
835,99,143
836,74,152
837,40,57
838,135,136
839,74,57
840,80,152
841,155,122
842,155,78
843,156,42
844,121,45
845,142,152
846,142,51
847,95,76
848,159,80
849,74,93
850,141,94
851,91,106
852,100,116
853,121,152
854,141,106
855,68,144
856,98,58
857,40,80
858,155,56
859,144,116
860,147,140
861,122,134
862,51,141
863,91,71
864,91,74
865,156,123
866,108,118
867,108,46
868,85,76
869,135,46
870,85,134
871,97,94
872,155,100
873,141,85
874,156,116
875,50,155
876,126,121
877,124,144
878,146,93
879,100,153
880,159,134
881,142,56
882,85,143
883,51,83
884,121,56
885,135,118
886,141,151
887,135,145
888,120,42
889,122,76
890,74,98
891,153,80
892,146,94
893,159,76
894,113,71
895,121,106
896,57,83
897,74,80
898,76,151
899,135,152
900,145,80
901,68,143
902,121,156
903,57,116
904,147,56
905,135,94
906,121,78
907,123,140
908,51,93
909,100,144
910,68,126
911,155,141
912,159,144
913,93,71
914,83,113
915,121,82
916,126,144
917,85,94
918,82,140
919,100,45
920,68,145
921,125,71
922,51,68
923,146,92
924,124,42
925,155,145
926,145,54
927,48,80
928,42,152
929,146,140
930,74,113
931,82,151
932,136,46
933,144,140
934,155,48
935,57,78
936,121,144
937,50,99
938,147,76
939,57,45
940,141,153
941,142,123
942,147,156
943,122,99
944,153,106
945,51,48
946,97,140
947,155,85
948,54,80
949,120,113
950,100,121
951,40,48
952,56,72
953,97,78
954,134,99
955,51,108
956,122,151
957,78,71
958,50,94
959,97,156
960,74,156
961,121,46
962,91,147
963,74,95
964,113,118
965,51,92
966,108,57
967,108,151
968,93,94
969,140,116
970,42,159
971,91,146
972,125,116
973,142,74
974,94,143
975,58,152
976,68,146
977,74,56
978,141,146
979,40,98
980,135,143
981,74,83
982,146,80
983,42,113
984,134,80
985,50,67
986,100,99
987,108,123
988,57,120
989,156,46
990,106,152
991,106,76
992,147,98
993,144,118
994,100,80
995,126,54
996,108,76
997,120,92
998,108,93
999,97,83
1000,54,72
1001,68,58
1002,121,123
1003,56,136
1004,135,99
1005,141,136
1006,125,51
1007,94,46
1008,156,134
1009,146,78
1010,140,71
1011,92,118
1012,124,152
1013,50,118
1014,93,159
1015,125,94
1016,50,153
1017,155,82
1018,95,140
1019,135,156
1020,146,147
1021,100,134
1022,50,56
1023,135,140
1024,82,78
1025,95,80
1026,108,91
1027,122,94
1028,113,94
1029,140,58
1030,45,151
1031,76,46
1032,121,124
1033,45,113
1034,50,71
1035,144,134
1036,94,80
1037,91,116
1038,80,46
1039,120,78
1040,125,108
1041,143,71
1042,145,151
1043,152,99
1044,42,140
1045,68,156
1046,68,140
1047,40,94
1048,91,144
1049,45,99
1050,74,120
1051,83,46
1052,93,118
1053,118,134
1054,91,98
1055,57,121
1056,121,95
1057,136,76
1058,121,48
1059,68,85
1060,40,141
1061,153,92
1062,56,93
1063,91,85
1064,57,80
1065,83,82
1066,82,76
1067,153,121
1068,50,76
1069,97,136
1070,68,147
1071,106,94
1072,57,124
1073,98,71
1074,95,159
1075,51,155
1076,121,71
1077,141,116
1078,136,78
1079,50,97
1080,125,151
1081,74,99
1082,125,98
1083,108,78
1084,153,46
1085,155,123
1086,82,99
1087,147,45
1088,57,58
1089,145,116
1090,56,46
1091,82,80
1092,126,116
1093,57,145
1094,142,113
1095,116,143
1096,91,153
1097,146,48
1098,118,99
1099,106,58
1100,135,72
1101,57,134
1102,83,56
1103,124,122
1104,56,118
1105,76,67
1106,91,45
1107,146,152
1108,141,123
1109,48,152
1110,134,72
1111,106,159
1112,40,147
1113,145,98
1114,153,82
1115,50,145
1116,100,94
1117,51,91
1118,93,95
1119,97,116
1120,125,120
1121,93,58
1122,123,67
1123,108,159
1124,145,143
1125,125,145
1126,92,134
1127,97,124
1128,136,140
1129,156,76
1130,122,46
1131,98,78
1132,108,82
1133,136,99
1134,100,126
1135,56,124
1136,56,120
1137,97,152
1138,155,42
1139,40,54
1140,91,99
1141,147,95
1142,94,152
1143,74,45
1144,58,71
1145,51,82
1146,51,97
1147,145,134
1148,68,153
1149,159,143
1150,92,106
1151,50,156
1152,142,91
1153,155,98
1154,142,57
1155,125,80
1156,74,67
1157,142,136
1158,85,140
1159,123,48
1160,159,136
1161,42,98
1162,153,116
1163,98,140
1164,155,113
1165,146,83
1166,146,121
1167,108,124
1168,74,143
1169,56,71
1170,93,48
1171,135,76
1172,144,99
1173,83,94
1174,100,58
1175,126,95
1176,145,92
1177,136,134
1178,97,92
1179,113,78
1180,142,54
1181,108,48
1182,121,54
1183,106,46
1184,98,159
1185,40,42
1186,120,98
1187,108,98
1188,57,147
1189,95,116
1190,48,144
1191,40,95
1192,48,151
1193,121,83
1194,91,54
1195,121,76
1196,155,91
1197,156,151
1198,134,78
1199,50,46
1200,108,45
1201,144,58
1202,91,94
1203,108,156
1204,100,152
1205,95,113
1206,82,71
1207,100,76
1208,125,141
1209,142,67
1210,125,100
1211,120,82
1212,156,98
1213,147,124
1214,156,80
1215,141,134
1216,145,45
1217,50,68
1218,146,46
1219,126,99
1220,155,156
1221,120,58
1222,51,94
1223,108,141
1224,48,78
1225,123,45
1226,125,134
1227,126,106
1228,144,72
1229,50,122
1230,153,72
1231,51,57
1232,45,106
1233,141,92
1234,141,67
1235,80,99
1236,125,45
1237,48,159
1238,83,120
1239,153,78
1240,97,80
1241,72,71
1242,45,80
1243,146,67
1244,153,136
1245,153,151
1246,92,144
1247,54,159
1248,142,78
1249,40,97
1250,56,58
1251,122,82
1252,92,143
1253,40,136
1254,147,144
1255,50,45
1256,125,93
1257,97,145
1258,155,45
1259,122,113
1260,142,99
1261,50,143
1262,155,95
1263,50,146
1264,155,54
1265,120,151
1266,56,76
1267,57,151
1268,42,99
1269,113,99
1270,56,98
1271,95,94
1272,85,98
1273,159,46
1274,141,83
1275,92,58
1276,159,152
1277,155,106
1278,100,48
1279,50,144
1280,40,153
1281,121,140
1282,122,106
1283,120,71
1284,135,71
1285,92,136
1286,40,120
1287,135,153
1288,147,120
1289,50,98
1290,142,100
1291,97,99
1292,125,144
1293,50,152
1294,123,118
1295,93,122
1296,122,85
1297,40,152
1298,125,122
1299,80,72
1300,126,152
1301,68,91
1302,118,94
1303,97,72
1304,145,120
1305,48,118
1306,121,113
1307,122,71
1308,156,159
1309,54,78
1310,68,92
1311,97,95
1312,120,99
1313,50,124
1314,91,135
1315,123,134
1316,141,97
1317,95,45
1318,121,118
1319,95,99
1320,94,67
1321,45,140
1322,113,134
1323,134,46
1324,126,71
1325,76,99
1326,85,92
1327,57,67
1328,51,76
1329,68,134
1330,155,147
1331,42,116
1332,51,56
1333,97,159
1334,85,144
1335,156,94
1336,108,42
1337,113,143
1338,145,113
1339,94,116
1340,40,123
1341,142,121
1342,144,143
1343,121,122
1344,57,56
1345,40,146
1346,159,116
1347,99,46
1348,58,80
1349,120,80
1350,125,140
1351,54,113
1352,124,136
1353,97,134
1354,142,45
1355,94,72
1356,40,76
1357,74,153
1358,93,113
1359,122,143
1360,51,42
1361,40,85
1362,145,159
1363,142,94
1364,68,123
1365,91,152
1366,108,71
1367,142,58
1368,124,143
1369,106,67
1370,74,151
1371,93,45
1372,98,136
1373,143,67
1374,92,71
1375,40,143
1376,122,72
1377,85,106
1378,40,78
1379,142,95
1380,108,92
1381,85,159
1382,147,48
1383,51,122
1384,48,46
1385,97,54
1386,144,71
1387,156,118
1388,113,76
1389,135,122
1390,98,116
1391,135,58
1392,40,124
1393,124,99
1394,147,46
1395,153,42
1396,98,72
1397,121,42
1398,153,83
1399,108,121
1400,125,68
1401,98,94
1402,46,67
1403,92,72
1404,92,42
1405,51,126
1406,113,152
1407,156,144
1408,123,99
1409,142,40
1410,108,143
1411,135,120
1412,124,71
1413,155,97
1414,108,94
1415,40,121
1416,85,120
1417,134,151
1418,116,67
1419,97,58
1420,76,71
1421,93,136
1422,142,147
1423,142,140
1424,145,106
1425,120,67
1426,45,136
1427,142,82
1428,146,82
1429,42,143
1430,123,124
1431,40,67
1432,145,95
1433,135,121
1434,100,122
1435,97,144
1436,50,92
1437,124,92
1438,147,151
1439,93,46
1440,93,78
1441,100,68
1442,57,46
1443,42,76
1444,93,80
1445,68,97
1446,142,80
1447,56,67
1448,51,145
1449,91,76
1450,159,99
1451,68,67
1452,40,58
1453,124,67
1454,98,48
1455,74,140
1456,95,106
1457,97,76
1458,125,48
1459,146,45
1460,85,71
1461,118,67
1462,48,143
1463,50,42
1464,91,140
1465,124,48
1466,125,83
1467,93,82
1468,57,94
1469,124,80
1470,40,135
1471,118,140
1472,74,54
1473,56,145
1474,120,72
1475,125,143
1476,121,80
1477,145,72
1478,121,134
1479,153,93
1480,136,151
1481,126,92
1482,140,72
1483,135,93
1484,85,42
1485,140,143
1486,57,156
1487,141,152
1488,156,120
1489,83,72
1490,156,45
1491,91,83
1492,48,76
1493,121,145
1494,126,94
1495,144,136
1496,100,146
1497,98,152
1498,151,152
1499,74,147
1500,141,98
1501,135,48
1502,142,46
1503,159,72
1504,48,140
1505,125,85
1506,100,145
1507,45,54
1508,97,153
1509,57,85
1510,95,42
1511,147,121
1512,100,140
1513,50,57
1514,98,67
1515,122,144
1516,155,146
1517,74,124
1518,159,78
1519,141,71
1520,100,118
1521,56,143
1522,45,46
1523,153,124
1524,147,153
1525,106,140
1526,123,145
1527,92,159
1528,48,94
1529,153,71
1530,91,58
1531,120,136
1532,51,124
1533,100,113
1534,147,93
1535,100,74
1536,124,85
1537,118,76
1538,40,113
1539,82,46
1540,100,141
1541,97,46
1542,124,98
1543,80,67
1544,108,126
1545,121,116
1546,54,82
1547,108,152
1548,126,151
1549,51,134
1550,56,116
1551,124,113
1552,142,48
1553,51,146
1554,126,67
1555,106,98
1556,141,121
1557,147,136
1558,91,93
1559,155,135
1560,50,80
1561,121,151
1562,122,136
1563,145,85
1564,145,46
1565,85,113
1566,100,57
1567,120,76
1568,142,126
1569,95,72
1570,146,120
1571,68,78
1572,98,143
1573,108,106
1574,123,95
1575,156,143
1576,85,99
1577,146,118
1578,57,71
1579,153,76
1580,92,94
1581,141,140
1582,106,72
1583,135,95
1584,153,145
1585,83,143
1586,147,94
1587,153,58
1588,108,40
1589,83,93
1590,153,144
1591,95,54
1592,51,80
1593,108,120
1594,51,121
1595,135,113
1596,142,134
1597,125,153
1598,123,80
1599,147,58
1600,50,40
1601,142,97
1602,57,118
1603,51,120
1604,147,152
1605,93,85
1606,40,100
1607,92,80
1608,72,143
1609,97,45
1610,123,71
1611,135,82
1612,116,71
1613,56,122
1614,57,152
1615,155,72
1616,97,143
1617,153,99
1618,54,76
1619,83,92
1620,116,76
1621,125,74
1622,83,152
1623,124,78
1624,46,71
1625,156,67
1626,126,123
1627,123,54
1628,98,151
1629,68,71
1630,54,116
1631,83,134
1632,97,106
1633,108,140
1634,58,46
1635,57,123
1636,153,95
1637,141,78
1638,125,58
1639,141,91
1640,146,145
1641,146,151
1642,142,120
1643,42,58
1644,56,106
1645,50,91
1646,68,56
1647,147,113
1648,72,46
1649,135,98
1650,82,118
1651,121,72
1652,40,122
1653,82,72
1654,40,93
1655,85,72
1656,45,76
1657,108,67
1658,91,48
1659,153,118
1660,126,146
1661,155,121
1662,40,92
1663,123,93
1664,95,151
1665,108,74
1666,126,122
1667,120,106
1668,141,147
1669,153,123
1670,57,113
1671,147,159
1672,135,144
1673,40,71
1674,94,76
1675,40,68
1676,147,99
1677,51,95
1678,82,94
1679,82,58
1680,155,40
1681,152,71
1682,124,58
1683,74,134
1684,93,134
1685,97,56
1686,108,95
1687,125,78
1688,123,76
1689,125,92
1690,45,118
1691,95,122
1692,140,46
1693,91,42
1694,83,76
1695,142,68
1696,142,153
1697,68,72
1698,57,159
1699,68,93
1700,108,113
1701,83,67
1702,146,106
1703,145,76
1704,45,92
1705,125,121
1706,121,120
1707,147,118
1708,153,120
1709,56,94
1710,54,92
1711,146,74
1712,68,46
1713,82,136
1714,74,85
1715,123,152
1716,151,67
1717,100,97
1718,155,58
1719,68,116
1720,50,141
1721,145,94
1722,142,92
1723,74,76
1724,95,136
1725,147,78
1726,68,99
1727,144,80
1728,78,72
1729,155,116
1730,74,123
1731,45,78
1732,91,159
1733,120,140
1734,40,145
1735,153,140
1736,141,80
1737,54,151
1738,116,58
1739,126,134
1740,57,99
1741,97,147
1742,135,80
1743,124,72
1744,155,71
1745,57,72
1746,142,42
1747,74,121
1748,48,116
1749,141,124
1750,125,113
1751,146,136
1752,83,42
1753,156,71
1754,142,135
1755,108,58
1756,94,99
1757,45,42
1758,126,42
1759,134,152
1760,83,48
1761,140,134
1762,153,143
1763,100,159
1764,50,54
1765,145,42
1766,121,67
1767,147,85
1768,142,141
1769,93,99
1770,88,61
1771,87,69
1772,79,77
1773,139,49
1774,66,75
1775,148,101
1776,62,61
1777,103,104
1778,59,114
1779,75,69
1780,60,64
1781,117,150
1782,61,111
1783,79,157
1784,87,112
1785,137,157
1786,63,157
1787,75,131
1788,61,157
1789,47,133
1790,105,112
1791,87,150
1792,132,157
1793,138,77
1794,129,49
1795,115,64
1796,132,44
1797,158,77
1798,65,139
1799,62,131
1800,132,102
1801,90,66
1802,133,53
1803,86,81
1804,41,75
1805,66,102
1806,86,69
1807,75,111
1808,49,73
1809,138,157
1810,90,107
1811,148,73
1812,60,128
1813,115,79
1814,101,64
1815,43,119
1816,96,111
1817,49,53
1818,88,149
1819,89,110
1820,59,55
1821,109,107
1822,70,69
1823,79,133
1824,129,150
1825,62,103
1826,89,139
1827,63,111
1828,87,55
1829,89,96
1830,59,157
1831,117,148
1832,62,65
1833,112,73
1834,86,132
1835,129,101
1836,112,49
1837,112,77
1838,109,73
1839,41,112
1840,96,64
1841,105,109
1842,41,59
1843,86,114
1844,47,112
1845,75,112
1846,88,90
1847,59,64
1848,111,127
1849,137,138
1850,55,130
1851,43,103
1852,65,49
1853,87,133
1854,90,128
1855,107,128
1856,64,61
1857,69,131
1858,150,81
1859,88,133
1860,138,114
1861,149,84
1862,105,154
1863,105,89
1864,60,44
1865,110,128
1866,79,137
1867,77,102
1868,117,132
1869,69,139
1870,109,117
1871,130,81
1872,154,53
1873,41,102
1874,86,73
1875,86,117
1876,101,104
1877,86,64
1878,41,110
1879,60,139
1880,150,84
1881,70,111
1882,149,157
1883,81,73
1884,79,107
1885,138,102
1886,157,53
1887,62,44
1888,79,47
1889,96,127
1890,79,111
1891,87,111
1892,148,158
1893,129,107
1894,62,138
1895,70,55
1896,150,69
1897,89,41
1898,104,114
1899,69,149
1900,60,114
1901,133,131
1902,148,149
1903,61,53
1904,62,102
1905,105,117
1906,138,111
1907,115,41
1908,90,60
1909,110,157
1910,90,132
1911,154,148
1912,154,66
1913,129,73
1914,129,139
1915,89,119
1916,79,70
1917,139,53
1918,107,70
1919,79,119
1920,59,102
1921,129,114
1922,96,43
1923,148,69
1924,47,102
1925,115,61
1926,107,117
1927,109,148
1928,77,132
1929,133,75
1930,117,53
1931,59,158
1932,115,62
1933,119,157
1934,89,73
1935,89,102
1936,154,81
1937,131,111
1938,86,148
1939,150,127
1940,129,112
1941,109,96
1942,119,44
1943,43,59
1944,63,110
1945,41,131
1946,77,53
1947,119,138
1948,139,81
1949,81,104
1950,88,43
1951,79,75
1952,112,111
1953,115,77
1954,154,79
1955,109,49
1956,105,81
1957,103,64
1958,137,110
1959,87,43
1960,110,158
1961,86,66
1962,84,127
1963,112,139
1964,43,55
1965,86,119
1966,133,107
1967,64,111
1968,101,114
1969,150,55
1970,62,132
1971,150,158
1972,63,77
1973,77,149
1974,84,130
1975,86,41
1976,90,157
1977,89,63
1978,77,127
1979,64,49
1980,47,53
1981,55,53
1982,133,150
1983,60,77
1984,88,84
1985,112,128
1986,137,84
1987,119,102
1988,117,59
1989,87,86
1990,47,63
1991,84,44
1992,96,102
1993,115,138
1994,107,132
1995,41,84
1996,109,137
1997,119,101
1998,109,55
1999,62,107
2000,111,73
2001,89,112
2002,157,104
2003,89,131
2004,129,137
2005,119,84
2006,62,139
2007,66,139
2008,148,77
2009,60,102
2010,154,103
2011,90,103
2012,60,75
2013,101,111
2014,110,149
2015,115,52
2016,88,77
2017,62,112
2018,109,81
2019,65,158
2020,137,148
2021,96,158
2022,43,101
2023,43,61
2024,63,149
2025,128,84
2026,103,55
2027,86,150
2028,158,128
2029,43,110
2030,89,90
2031,133,101
2032,131,127
2033,137,59
2034,148,44
2035,88,65
2036,88,101
2037,139,104
2038,105,66
2039,79,128
2040,109,131
2041,65,112
2042,47,128
2043,43,130
2044,157,73
2045,107,137
2046,60,107
2047,41,138
2048,137,119
2049,70,61
2050,115,133
2051,105,138
2052,63,138
2053,110,53
2054,117,102
2055,115,63
2056,90,64
2057,96,55
2058,90,150
2059,90,75
2060,154,87
2061,60,52
2062,70,44
2063,62,41
2064,62,73
2065,112,44
2066,154,41
2067,133,119
2068,55,64
2069,109,138
2070,138,49
2071,69,44
2072,52,55
2073,86,139
2074,88,104
2075,86,110
2076,62,129
2077,79,110
2078,88,139
2079,75,61
2080,63,55
2081,41,65
2082,65,117
2083,47,66
2084,154,73
2085,86,101
2086,148,112
2087,105,75
2088,49,104
2089,75,114
2090,133,66
2091,62,111
2092,87,149
2093,75,84
2094,62,104
2095,133,139
2096,75,149
2097,131,132
2098,41,96
2099,69,114
2100,86,137
2101,62,49
2102,63,49
2103,110,84
2104,119,69
2105,65,66
2106,86,158
2107,138,150
2108,75,128
2109,90,77
2110,66,61
2111,107,77
2112,90,43
2113,89,75
2114,105,44
2115,49,111
2116,137,150
2117,109,63
2118,43,112
2119,62,148
2120,119,114
2121,158,64
2122,128,102
2123,110,112
2124,62,55
2125,88,75
2126,105,49
2127,77,139
2128,88,102
2129,133,61
2130,87,131
2131,110,139
2132,103,102
2133,65,157
2134,107,64
2135,131,149
2136,90,137
2137,109,130
2138,103,158
2139,89,43
2140,129,128
2141,117,61
2142,79,63
2143,60,66
2144,62,157
2145,128,44
2146,103,150
2147,109,119
2148,79,112
2149,63,128
2150,131,64
2151,148,61
2152,66,127
2153,107,59
2154,60,53
2155,79,44
2156,96,69
2157,154,138
2158,128,64
2159,117,110
2160,89,107
2161,63,101
2162,131,139
2163,137,104
2164,61,104
2165,65,110
2166,59,73
2167,87,110
2168,154,109
2169,105,139
2170,115,81
2171,88,53
2172,138,148
2173,65,77
2174,64,77
2175,73,102
2176,61,73
2177,129,60
2178,84,49
2179,107,148
2180,43,70
2181,89,129
2182,62,64
2183,119,132
2184,90,47
2185,70,110
2186,114,44
2187,148,110
2188,86,44
2189,158,132
2190,117,157
2191,105,131
2192,110,102
2193,107,112
2194,47,110
2195,139,132
2196,150,101
2197,148,132
2198,105,70
2199,110,101
2200,133,117
2201,90,158
2202,59,130
2203,84,102
2204,110,81
2205,65,101
2206,132,111
2207,62,81
2208,47,148
2209,66,104
2210,89,109
2211,158,84
2212,41,133
2213,107,75
2214,63,69
2215,63,114
2216,103,117
2217,133,77
2218,66,158
2219,88,154
2220,115,111
2221,139,127
2222,62,77
2223,90,53
2224,149,127
2225,150,132
2226,47,44
2227,62,79
2228,69,84
2229,119,158
2230,138,132
2231,49,157
2232,64,132
2233,59,49
2234,119,127
2235,129,131
2236,89,130
2237,103,137
2238,130,104
2239,137,53
2240,62,150
2241,69,101
2242,52,138
2243,154,84
2244,117,55
2245,119,59
2246,107,138
2247,109,132
2248,47,127
2249,109,64
2250,133,148
2251,139,44
2252,119,104
2253,107,66
2254,128,104
2255,111,44
2256,86,128
2257,133,112
2258,105,127
2259,47,49
2260,96,117
2261,79,102
2262,87,65
2263,43,117
2264,53,127
2265,75,49
2266,70,148
2267,133,132
2268,148,84
2269,110,77
2270,41,47
2271,89,148
2272,63,81
2273,77,104
2274,55,128
2275,60,59
2276,87,119
2277,87,148
2278,89,77
2279,154,49
2280,115,119
2281,138,158
2282,62,114
2283,43,77
2284,105,101
2285,86,107
2286,129,133
2287,52,77
2288,112,84
2289,107,157
2290,103,131
2291,87,77
2292,148,102
2293,47,117
2294,115,158
2295,132,81
2296,69,49
2297,65,131
2298,133,63
2299,112,157
2300,87,64
2301,115,105
2302,55,114
2303,79,41
2304,117,69
2305,79,60
2306,133,138
2307,133,55
2308,107,81
2309,63,117
2310,63,137
2311,115,49
2312,84,132
2313,105,107
2314,111,81
2315,55,73
2316,88,87
2317,115,84
2318,65,96
2319,77,81
2320,70,130
2321,115,128
2322,79,81
2323,149,61
2324,59,104
2325,96,128
2326,102,127
2327,130,157
2328,107,61
2329,60,81
2330,49,81
2331,109,41
2332,66,132
2333,109,43
2334,64,114
2335,62,47
2336,66,157
2337,148,55
2338,87,130
2339,77,49
2340,53,44
2341,131,128
2342,137,131
2343,112,101
2344,96,110
2345,148,127
2346,101,149
2347,65,149
2348,65,127
2349,139,157
2350,149,111
2351,119,128
2352,129,84
2353,87,117
2354,41,157
2355,73,127
2356,86,43
2357,105,133
2358,88,70
2359,64,102
2360,62,101
2361,110,114
2362,115,65
2363,63,131
2364,132,73
2365,128,49
2366,115,131
2367,137,73
2368,41,111
2369,52,132
2370,62,127
2371,70,75
2372,133,157
2373,41,148
2374,148,139
2375,86,90
2376,86,131
2377,60,137
2378,158,81
2379,79,148
2380,88,44
2381,89,104
2382,60,96
2383,115,69
2384,115,47
2385,90,130
2386,79,69
2387,79,127
2388,130,44
2389,109,103
2390,111,157
2391,137,128
2392,112,64
2393,150,149
2394,115,132
2395,154,117
2396,90,44
2397,154,101
2398,86,70
2399,117,104
2400,105,111
2401,60,63
2402,86,130
2403,55,84
2404,55,139
2405,52,44
2406,90,55
2407,133,49
2408,89,137
2409,112,158
2410,111,53
2411,60,119
2412,66,128
2413,139,114
2414,62,63
2415,101,157
2416,138,128
2417,115,90
2418,101,102
2419,96,138
2420,89,60
2421,52,131
2422,61,102
2423,41,150
2424,59,111
2425,52,70
2426,109,75
2427,154,96
2428,90,69
2429,41,137
2430,115,154
2431,157,102
2432,90,70
2433,137,158
2434,69,104
2435,133,73
2436,88,131
2437,63,44
2438,105,55
2439,75,119
2440,81,102
2441,69,158
2442,88,73
2443,75,150
2444,137,111
2445,55,101
2446,103,107
2447,59,128
2448,138,104
2449,109,110
2450,110,111
2451,43,44
2452,88,69
2453,41,43
2454,115,89
2455,86,65
2456,90,96
2457,104,44
2458,138,53
2459,87,104
2460,129,90
2461,129,111
2462,52,73
2463,60,69
2464,87,139
2465,129,65
2466,130,53
2467,131,61
2468,158,73
2469,115,157
2470,154,47
2471,109,127
2472,70,112
2473,111,114
2474,70,66
2475,90,81
2476,88,103
2477,133,111
2478,90,133
2479,70,59
2480,43,128
2481,90,139
2482,133,127
2483,130,132
2484,65,132
2485,70,104
2486,107,158
2487,47,84
2488,66,101
2489,103,149
2490,150,102
2491,158,127
2492,96,139
2493,150,44
2494,154,137
2495,75,130
2496,105,88
2497,89,128
2498,90,138
2499,96,52
2500,90,61
2501,52,59
2502,60,43
2503,150,128
2504,101,128
2505,119,55
2506,109,44
2507,139,111
2508,150,104
2509,47,59
2510,154,77
2511,158,102
2512,88,130
2513,79,114
2514,70,81
2515,87,52
2516,75,148
2517,103,148
2518,60,111
2519,104,102
2520,117,49
2521,89,88
2522,88,114
2523,89,114
2524,103,138
2525,66,73
2526,65,81
2527,49,114
2528,129,81
2529,75,139
2530,88,59
2531,105,130
2532,90,131
2533,64,53
2534,149,132
2535,109,101
2536,65,114
2537,41,49
2538,137,64
2539,138,139
2540,52,149
2541,66,117
2542,43,158
2543,87,128
2544,63,132
2545,131,102
2546,154,133
2547,47,81
2548,41,63
2549,90,114
2550,157,114
2551,65,128
2552,107,73
2553,90,65
2554,103,84
2555,79,55
2556,110,127
2557,87,41
2558,115,112
2559,70,49
2560,109,84
2561,70,102
2562,63,59
2563,65,59
2564,61,130
2565,59,61
2566,107,119
2567,112,53
2568,77,44
2569,96,63
2570,88,111
2571,150,131
2572,117,131
2573,117,158
2574,117,139
2575,112,127
2576,101,130
2577,87,158
2578,87,53
2579,63,64
2580,79,59
2581,137,61
2582,60,117
2583,89,81
2584,115,70
2585,60,157
2586,60,84
2587,79,138
2588,64,81
2589,107,104
2590,87,75
2591,96,70
2592,148,104
2593,63,112
2594,70,101
2595,43,148
2596,89,47
2597,137,101
2598,150,49
2599,157,44
2600,119,139
2601,66,77
2602,148,114
2603,129,61
2604,90,41
2605,73,44
2606,65,104
2607,129,43
2608,41,77
2609,65,43
2610,53,104
2611,88,117
2612,88,157
2613,107,110
2614,52,150
2615,105,104
2616,105,62
2617,119,130
2618,131,53
2619,65,70
2620,86,149
2621,60,112
2622,79,49
2623,52,104
2624,86,112
2625,87,101
2626,55,132
2627,129,53
2628,88,137
2629,101,49
2630,47,61
2631,117,84
2632,62,86
2633,60,127
2634,60,65
2635,107,63
2636,154,139
2637,154,114
2638,138,130
2639,41,114
2640,138,84
2641,96,149
2642,88,79
2643,86,138
2644,107,49
2645,115,88
2646,90,52
2647,75,101
2648,109,70
2649,79,103
2650,131,84
2651,105,137
2652,138,44
2653,62,133
2654,52,137
2655,41,139
2656,86,111
2657,41,66
2658,69,110
2659,117,130
2660,65,55
2661,103,53
2662,109,149
2663,131,130
2664,64,127
2665,52,112
2666,43,133
2667,65,53
2668,130,111
2669,41,104
2670,66,53
2671,87,44
2672,52,107
2673,43,49
2674,47,137
2675,41,149
2676,52,157
2677,63,61
2678,62,70
2679,79,101
2680,87,90
2681,88,86
2682,131,101
2683,70,127
2684,133,64
2685,52,128
2686,90,101
2687,138,149
2688,128,61
2689,79,150
2690,87,66
2691,89,127
2692,62,87
2693,109,59
2694,75,110
2695,88,66
2696,66,148
2697,158,53
2698,110,104
2699,109,61
2700,65,64
2701,128,111
2702,77,114
2703,101,61
2704,88,158
2705,43,157
2706,52,101
2707,115,73
2708,47,130
2709,43,150
2710,86,103
2711,105,63
2712,47,107
2713,117,73
2714,103,112
2715,62,158
2716,96,61
2717,88,138
2718,148,53
2719,69,64
2720,79,52
2721,129,158
2722,137,81
2723,96,157
2724,84,73
2725,62,154
2726,117,111
2727,157,127
2728,115,149
2729,96,107
2730,65,107
2731,52,114
2732,60,47
2733,65,119
2734,64,139
2735,62,59
2736,154,43
2737,154,111
2738,70,149
2739,61,49
2740,110,131
2741,60,109
2742,89,49
2743,105,65
2744,149,44
2745,132,104
2746,87,109
2747,65,137
2748,86,109
2749,129,55
2750,41,44
2751,65,133
2752,109,53
2753,110,64
2754,84,53
2755,115,102
2756,79,73
2757,154,63
2758,43,69
2759,107,114
2760,112,104
2761,112,130
2762,47,55
2763,101,139
2764,79,53
2765,90,148
2766,154,130
2767,69,59
2768,154,70
2769,96,133
2770,148,81
2771,87,132
2772,52,63
2773,137,77
2774,41,73
2775,86,77
2776,89,62
2777,149,114
2778,107,84
2779,109,157
2780,61,127
2781,59,139
2782,75,104
2783,115,139
2784,70,131
2785,89,149
2786,115,103
2787,88,128
2788,119,61
2789,41,107
2790,109,47
2791,79,84
2792,115,137
2793,41,61
2794,128,157
2795,119,53
2796,154,60
2797,117,149
2798,64,149
2799,61,132
2800,150,111
2801,130,114
2802,52,75
2803,150,64
2804,115,127
2805,101,84
2806,149,53
2807,60,49
2808,53,114
2809,69,157
2810,89,154
2811,44,127
2812,66,111
2813,104,73
2814,110,61
2815,87,107
2816,87,61
2817,129,149
2818,60,101
2819,150,73
2820,65,69
2821,133,114
2822,70,139
2823,139,84
2824,60,55
2825,43,52
2826,52,119
2827,77,130
2828,52,158
2829,87,138
2830,129,86
2831,103,59
2832,137,70
2833,60,138
2834,43,53
2835,133,128
2836,128,130
2837,103,52
2838,115,130
2839,96,77
2840,87,47
2841,112,149
2842,43,75
2843,55,127
2844,119,131
2845,62,88
2846,52,127
2847,86,49
2848,77,157
2849,115,96
2850,89,111
2851,65,73
2852,89,55
2853,154,157
2854,103,114
2855,88,63
2856,128,73
2857,47,150
2858,43,132
2859,66,49
2860,137,114
2861,128,53
2862,90,49
2863,43,66
2864,105,64
2865,49,44
2866,60,103
2867,109,158
2868,139,73
2869,112,132
2870,41,81
2871,43,84
2872,133,137
2873,75,117
2874,137,139
2875,130,102
2876,60,150
2877,109,104
2878,86,63
2879,158,104
2880,84,81
2881,112,131
2882,129,47
2883,66,55
2884,103,128
2885,115,66
2886,79,149
2887,62,60
2888,70,119
2889,96,49
2890,89,69
2891,70,132
2892,63,102
2893,154,131
2894,66,44
2895,89,66
2896,59,84
2897,96,75
2898,77,61
2899,107,130
2900,117,114
2901,55,157
2902,154,128
2903,77,73
2904,79,90
2905,137,75
2906,137,69
2907,96,104
2908,88,110
2909,129,148
2910,60,73
2911,47,119
2912,149,104
2913,65,150
2914,132,127
2915,62,128
2916,62,96
2917,66,84
2918,87,103
2919,131,44
2920,59,112
2921,115,107
2922,105,60
2923,88,55
2924,105,43
2925,89,53
2926,65,102
2927,105,77
2928,138,61
2929,63,158
2930,131,77
2931,110,55
2932,103,49
2933,55,61
2934,88,64
2935,109,133
2936,109,52
2937,154,75
2938,65,44
2939,137,127
2940,70,158
2941,41,130
2942,101,73
2943,133,149
2944,79,132
2945,90,119
2946,66,59
2947,77,84
2948,96,59
2949,64,157
2950,105,148
2951,154,158
2952,52,148
2953,112,114
2954,55,131
2955,129,110
2956,69,55
2957,154,55
2958,43,47
2959,119,49
2960,158,101
2961,129,119
2962,158,111
2963,52,133
2964,60,148
2965,52,130
2966,88,60
2967,107,111
2968,84,157
2969,115,114
2970,154,150
2971,101,132
2972,60,149
2973,154,107
2974,79,104
2975,119,64
2976,128,127
2977,79,130
2978,89,86
2979,105,102
2980,89,79
2981,69,128
2982,107,55
2983,47,75
2984,107,53
2985,86,84
2986,66,150
2987,115,87
2988,109,114
2989,90,73
2990,88,107
2991,69,132
2992,62,149
2993,154,86
2994,158,157
2995,63,150
2996,89,84
2997,90,112
2998,101,81
2999,115,117
3000,103,81
3001,62,43
3002,150,112
3003,86,59
3004,86,102
3005,53,73
3006,89,150
3007,158,131
3008,133,69
3009,103,157
3010,96,53
3011,81,127
3012,150,53
3013,109,102
3014,103,77
3015,103,111
3016,59,101
3017,148,131
3018,105,157
3019,129,96
3020,137,132
3021,117,128
3022,59,44
3023,129,77
3024,47,101
3025,115,150
3026,89,70
3027,96,66
3028,88,150
3029,117,64
3030,105,73
3031,115,44
3032,88,119
3033,115,109
3034,88,148
3035,69,111
3036,137,130
3037,43,111
3038,110,73
3039,64,73
3040,137,55
3041,119,149
3042,138,55
3043,131,114
3044,86,133
3045,59,132
3046,131,104
3047,88,112
3048,79,158
3049,115,101
3050,129,103
3051,52,61
3052,117,112
3053,69,127
3054,41,127
3055,59,77
3056,129,69
3057,41,103
3058,47,69
3059,115,55
3060,105,79
3061,96,73
3062,89,101
3063,115,104
3064,63,139
3065,70,117
3066,117,138
3067,129,104
3068,89,117
3069,53,81
3070,90,104
3071,87,60
3072,139,149
3073,96,81
3074,66,69
3075,158,139
3076,52,64
3077,117,127
3078,107,131
3079,148,157
3080,87,59
3081,96,119
3082,69,73
3083,115,75
3084,60,41
3085,63,84
3086,86,96
3087,119,150
3088,52,139
3089,119,73
3090,149,102
3091,150,61
3092,64,84
3093,84,114
3094,90,127
3095,130,73
3096,138,59
3097,43,102
3098,62,130
3099,87,84
3100,88,47
3101,110,49
3102,62,137
3103,96,131
3104,138,101
3105,107,149
3106,154,110
3107,64,44
3108,66,64
3109,149,49
3110,129,63
3111,105,52
3112,101,44
3113,52,117
3114,43,137
3115,129,109
3116,131,49
3117,73,114
3118,132,53
3119,69,53
3120,89,61
3121,148,64
3122,75,77
3123,96,84
3124,105,150
3125,149,81
3126,129,130
3127,65,103
3128,70,64
3129,117,44
3130,62,110
3131,129,138
3132,66,131
3133,105,149
3134,87,63
3135,60,104
3136,154,127
3137,105,132
3138,75,44
3139,112,102
3140,65,111
3141,70,150
3142,55,77
3143,44,102
3144,59,127
3145,129,44
3146,117,81
3147,138,112
3148,129,157
3149,105,119
3150,154,59
3151,138,131
3152,47,158
3153,62,117
3154,158,114
3155,96,148
3156,101,127
3157,107,139
3158,64,130
3159,41,117
3160,55,49
3161,41,132
3162,129,75
3163,75,73
3164,47,114
3165,103,110
3166,55,81
3167,52,110
3168,103,133
3169,154,52
3170,89,87
3171,55,149
3172,114,102
3173,59,81
3174,59,110
3175,62,90
3176,64,104
3177,107,101
3178,63,73
3179,105,129
3180,154,44
3181,41,69
3182,75,127
3183,88,96
3184,154,149
3185,129,52
3186,138,69
3187,84,111
3188,49,102
3189,96,132
3190,130,127
3191,70,77
3192,105,47
3193,105,61
3194,66,112
3195,69,102
3196,150,77
3197,105,128
3198,109,128
3199,110,44
3200,63,75
3201,129,102
3202,66,119
3203,41,52
3204,79,117
3205,96,101
3206,115,59
3207,75,59
3208,47,111
3209,70,114
3210,70,157
3211,79,87
3212,43,114
3213,110,130
3214,70,53
3215,87,96
3216,105,53
3217,137,102
3218,62,66
3219,60,130
3220,131,73
3221,87,102
3222,129,132
3223,75,102
3224,55,158
3225,65,61
3226,119,112
3227,96,130
3228,89,158
3229,109,150
3230,138,127
3231,139,102
3232,158,44
3233,115,110
3234,60,61
3235,75,158
3236,89,133
3237,70,128
3238,43,149
3239,75,53
3240,129,41
3241,139,61
3242,65,148
3243,137,66
3244,69,81
3245,89,44
3246,52,53
3247,66,81
3248,52,84
3249,103,70
3250,77,111
3251,90,59
3252,61,81
3253,41,70
3254,138,110
3255,61,44
3256,43,107
3257,86,104
3258,107,69
3259,133,81
3260,107,150
3261,60,133
3262,158,130
3263,52,66
3264,90,149
3265,101,77
3266,79,109
3267,55,104
3268,111,104
3269,65,47
3270,86,55
3271,41,158
3272,105,114
3273,131,81
3274,158,61
3275,89,138
3276,79,66
3277,150,148
3278,96,103
3279,43,138
3280,119,110
3281,47,52
3282,79,61
3283,115,43
3284,55,102
3285,117,101
3286,88,109
3287,65,75
3288,131,157
3289,86,127
3290,79,139
3291,137,44
3292,150,114
3293,103,75
3294,47,103
3295,112,61
3296,63,66
3297,59,131
3298,158,149
3299,103,127
3300,60,132
3301,69,77
3302,62,75
3303,79,64
3304,47,70
3305,79,65
3306,75,138
3307,139,130
3308,129,64
3309,128,114
3310,79,86
3311,96,114
3312,75,55
3313,53,102
3314,154,90
3315,52,49
3316,148,128
3317,154,104
3318,90,111
3319,62,84
3320,137,49
3321,75,64
3322,105,158
3323,62,109
3324,90,102
3325,112,55
3326,86,52
3327,47,77
3328,60,70
3329,88,41
3330,115,53
3331,52,111
3332,117,77
3333,66,138
3334,66,114
3335,138,64
3336,79,43
3337,69,130
3338,105,90
3339,119,81
3340,109,69
3341,87,157
3342,55,44
3343,154,112
3344,63,119
3345,107,44
3346,138,73
3347,109,139
3348,43,127
3349,103,130
3350,59,149
3351,86,61
3352,112,81
3353,41,119
3354,103,66
3355,133,44
3356,47,149
3357,103,132
3358,154,129
3359,133,70
3360,103,101
3361,119,148
3362,62,53
3363,154,69
3364,62,52
3365,41,64
3366,105,84
3367,89,103
3368,63,53
3369,47,132
3370,115,129
3371,105,96
3372,43,139
3373,62,69
3374,47,104
3375,70,138
3376,129,79
3377,59,53
3378,81,44
3379,96,150
3380,63,127
3381,41,128
3382,49,127
3383,137,117
3384,43,104
3385,88,81
3386,96,44
3387,103,73
3388,148,130
3389,133,59
3390,49,130
3391,89,65
3392,133,104
3393,75,157
3394,114,127
3395,107,102
3396,90,63
3397,63,148
3398,55,111
3399,87,127
3400,148,49
3401,133,84
3402,96,112
3403,154,61
3404,132,114
3405,43,63
3406,103,119
3407,86,157
3408,89,132
3409,86,60
3410,109,66
3411,109,111
3412,105,69
3413,110,132
3414,137,112
3415,115,60
3416,87,137
3417,47,64
3418,81,114
3419,41,55
3420,128,139
3421,52,81
3422,129,117
3423,128,81
3424,129,70
3425,138,81
3426,150,130
3427,154,102
3428,60,158
3429,103,139
3430,90,109
3431,88,52
3432,129,59
3433,63,70
3434,119,111
3435,154,65
3436,90,117
3437,69,112
3438,86,47
3439,103,63
3440,43,64
3441,47,131
3442,41,101
3443,129,127
3444,149,130
3445,129,87
3446,47,73
3447,62,119
3448,128,149
3449,128,132
3450,88,129
3451,104,127
3452,75,132
3453,65,84
3454,70,84
3455,96,137
3456,154,119
3457,89,157
3458,63,130
3459,89,59
3460,150,139
3461,119,117
3462,61,114
3463,60,110
3464,133,130
3465,105,87
3466,105,103
3467,87,81
3468,43,131
3469,87,70
3470,154,64
3471,133,102
3472,109,112
3473,66,130
3474,150,59
3475,89,52
3476,52,69
3477,47,139
3478,103,69
3479,137,149
3480,148,59
3481,109,65
3482,87,114
3483,128,77
3484,65,138
3485,63,104
3486,111,102
3487,79,96
3488,88,132
3489,87,49
3490,115,86
3491,66,149
3492,105,59
3493,65,130
3494,119,77
3495,47,157
3496,87,73
3497,101,53
3498,157,81
3499,88,49
3500,65,63
3501,150,157
3502,60,131
3503,69,61
3504,129,66
3505,103,61
3506,86,53
3507,148,111
3508,49,132
3509,90,84
3510,43,73
3511,96,47
3512,41,53
3513,75,81
3514,88,127
3515,43,81
3516,105,110
3517,65,52
3518,158,49
3519,86,75
3520,89,64
3521,109,77
3522,133,110
3523,107,127
3524,105,41
3525,154,132
3526,149,73
3527,150,110
3528,90,110
3529,84,104
3530,133,158
3531,61,84
3532,103,44
3533,79,131
3534,115,148
3535,66,110
3536,52,102
3537,47,138
3538,105,86
3539,70,73
